Punkty,Punkty w otoczce,Graham,Jarvis
100,5,0.000383,0.000433
500,5,0.00158,0.001871
1000,5,0.0037,0.005235
2000,5,0.006429,0.007233
5000,5,0.018369,0.018042
10000,5,0.03742,0.035619
20000,5,0.073978,0.079614
50000,5,0.219623,0.176718
